{"cameraMode":{"drawMode":0,"name":"Shaded","section":"Shading Mode"},"sceneLighting":true,"audioPlay":false,"sceneViewState":{"m_AlwaysRefresh":false,"showFog":true,"showSkybox":true,"showFlares":true,"showImageEffects":true,"showParticleSystems":true,"showVisualEffectGraphs":true,"m_FxEnabled":true},"in2DMode":false,"pivot":{"x":0.7137197852134705,"y":0.7973591685295105,"z":6.8941779136657719},"rotation":{"x":0.38500353693962099,"y":-0.6034514307975769,"z":0.4120729863643646,"w":0.5638628602027893},"size":14.473024368286133,"orthographic":false}